id,nombre,tipo,zona_origen,ubicacion_aprox,web,google_maps,prioridad,estado,observacion_entrada_1,observacion_entrada_2,canal_recomendado,proximo_paso,notas
P001,Hotel Rural Senderos de Abona,hotel rural,Arona/Sur Tenerife,Granadilla / Abona aprox.,https://www.senderosdeabona.es/,"https://www.google.com/maps/search/?api=1&query=28.1259822,-16.5770736",alta,observaciones_preparadas,"La web transmite que es oficial, pero el camino visible parece llevar más a habitaciones/contacto que a consultar disponibilidad directa.",Hay teléfono/email; no se detectó WhatsApp ni una ruta rápida de disponibilidad en la revisión HTML inicial.,email/telefono,Revisar mensaje personalizado en primeros-3-observaciones-y-mensajes.md antes de enviar.,Candidato muy alineado por naming rural.
P002,El Tejar & Spa,hotel/spa rural,Arona/Sur Tenerife,Vilaflor aprox.,https://www.hoteleltejar.com/,"https://www.google.com/maps/search/?api=1&query=28.154098,-16.6358574",alta,observaciones_preparadas,"La web tiene WhatsApp/teléfono/email y botón de reserva, pero el title aparece centrado en Spa, no en hotel rural Vilaflor/reserva directa.",La reserva lleva a motor externo; conviene revisar si desde móvil se percibe como proceso directo y confiable.,email/telefono,Revisar mensaje personalizado en primeros-3-observaciones-y-mensajes.md antes de enviar.,Alineado por ubicación interior/Vilaflor.
P003,Pensión Germán,pensión/restaurante,Arona/Sur Tenerife,Vilaflor,,"https://www.google.com/maps/search/?api=1&query=28.1561744,-16.6373422",media,pendiente_investigar,Comprobar si existe web propia o depende solo de plataformas.,Mirar si el contacto/reserva está claro desde Google.,telefono/email,Validar si encaja con mini-revisión o dejar para segunda tanda,Puede ser negocio independiente; evitar lenguaje de tamaño.
P004,Casa Rural La Campiña,casa rural,La Orotava/Norte Tenerife,Icod de los Vinos,no localizada en revisión rápida,"https://www.google.com/maps/search/?api=1&query=28.3495315,-16.7103348",alta,observaciones_preparadas_validar_contacto,"En resultados públicos aparecen sobre todo Airbnb, Booking, Trip.com, Planet of Hotels y Rent By Owner.",No se localizó web oficial clara; posible dependencia de OTA/directorios para contacto/reserva.,email/WhatsApp,Validar contacto correcto antes de enviar el mensaje personalizado.,Muy alineado con casa rural.
P005,Rural house La Furnia,casa rural,La Orotava/Norte Tenerife,Icod / norte Tenerife,,"https://www.google.com/maps/search/?api=1&query=28.3591893,-16.7168124",alta,pendiente_investigar,Comprobar si el nombre en inglés afecta a búsquedas locales o confianza.,Mirar si el usuario encuentra disponibilidad/contacto directo sin ir a OTA.,email/WhatsApp,Buscar web/canal oficial y preparar 2 observaciones reales,Alineado por rural house.
P006,Parque los Patos,agroturismo/guest house,La Orotava/Norte Tenerife,Norte Tenerife,,"https://www.google.com/maps/search/?api=1&query=28.4304514,-16.374052",alta,pendiente_investigar,Revisar si Google y web explican bien el alojamiento y la reserva directa.,Mirar si hay diferencia de confianza entre canales directos y OTA.,email/telefono,Investigar web oficial antes de contactar,OSM indica agritourism.
P007,Hotel Rural los Tilos,hotel rural/agroturismo,La Orotava/Norte Tenerife,Norte Tenerife,,"https://www.google.com/maps/search/?api=1&query=28.4287073,-16.3729233",alta,pendiente_investigar,Revisar claridad del canal directo y primera impresión móvil.,Mirar Google/fotos/reseñas y si la web refuerza confianza.,email/telefono,Investigar web oficial y ficha Google,Muy alineado por hotel rural.
P008,El Refugio Appartments & Villa,apartamentos/villa,La Orotava/Norte Tenerife,La Matanza de Acentejo,https://www.111teneriffa.com/,"https://www.google.com/maps/search/?api=1&query=28.4497225,-16.4654373",media-alta,pendiente_investigar,Revisar si la web multilingüe facilita reserva directa desde móvil.,Mirar si Google enlaza bien con la web y transmite confianza.,email,Hacer mini-auditoría web rápida con 2 observaciones,Tiene web detectada en OSM.
P009,Villa Casa del Sol,villa turística,La Orotava/Norte Tenerife,La Matanza de Acentejo,https://www.111teneriffa.com/,"https://www.google.com/maps/search/?api=1&query=28.4500857,-16.465212",media,pendiente_investigar,Revisar si se diferencia de otros alojamientos del mismo operador.,Mirar facilidad de contacto/reserva directa.,email,Validar si conviene agrupar con P008 o tratar como unidad separada,Mismo operador/web que El Refugio.
P010,Faisan Azul,guest house,La Orotava/Norte Tenerife,La Matanza de Acentejo,,"https://www.google.com/maps/search/?api=1&query=28.4507859,-16.4651853",media,pendiente_investigar,Comprobar si tiene web oficial o solo presencia en plataformas.,Mirar si la ficha Google está completa y activa.,email/telefono,Investigar canales antes de contactar,Sin web en OSM.
P011,Centro Eridano,guest house/centro,La Orotava/Norte Tenerife,Candelaria / sureste aprox.,,"https://www.google.com/maps/search/?api=1&query=28.3502139,-16.3894448",media,pendiente_investigar,Revisar si la propuesta se entiende como alojamiento o centro de bienestar.,Mirar si el contacto/reserva está claro en Google y web.,email,Investigar encaje antes de contactar,Puede requerir mensaje adaptado a wellness/retiros.
P012,Casa Antonia Guest House,guest house,La Orotava/Norte Tenerife,Icod / Garachico aprox.,,"https://www.google.com/maps/search/?api=1&query=28.3763597,-16.7067681",media-alta,pendiente_investigar,Mirar si el contacto directo está claro y si depende de OTA.,"Revisar ficha Google: fotos, reseñas, respuestas, enlace.",WhatsApp/telefono,Buscar web/canal oficial y preparar observación,"OSM tiene teléfono parcialmente oculto, no usar sin validar."
P013,B&B La Laguna,B&B,La Orotava/Norte Tenerife,La Laguna,http://www.bblalaguna.com/,"https://www.google.com/maps/search/?api=1&query=28.4909746,-16.3162241",media-alta,pendiente_investigar,Revisar si la web transmite confianza actual desde móvil.,Mirar si la reserva/contacto directo compite bien contra OTA.,email,Hacer revisión rápida de web oficial,Tiene web detectada en OSM.
P014,Jardines de Nivaria,hotel 5*,Arona/Sur Tenerife,Costa Adeje,https://www.nivaria.es/,"https://www.google.com/maps/search/?api=1&query=28.0887953,-16.7363409",baja,descartar_o_segunda_tanda,Probablemente demasiado corporativo para primera prueba.,"Puede servir como benchmark visual/direct booking, no como primer lead.",no_contactar_ahora,Usar solo como referencia competitiva,No es rural/independiente.
P015,Atlantic Holiday Center,hotel/apartamentos,Arona/Sur Tenerife,Callao Salvaje aprox.,,"https://www.google.com/maps/search/?api=1&query=28.1272935,-16.7831835",media,pendiente_investigar,Revisar si encaja como alojamiento independiente o demasiado turístico de costa.,Mirar canal directo vs OTA.,email/telefono,Validar encaje antes de contactar,Segunda tanda si faltan candidatos.
P016,Bungalows Barranco,bungalows,Arona/Sur Tenerife,Playa de las Américas,,"https://www.google.com/maps/search/?api=1&query=28.0620292,-16.728717",media,pendiente_investigar,Revisar si hay oportunidad de reserva directa pese a zona turística.,Mirar si web/Google/OTA compiten entre sí.,email/telefono,Validar web oficial y propiedad/gestión,"No rural, pero puede encajar como alojamiento independiente."
P017,Carmencita,guest house,La Orotava/Norte Tenerife,Puerto de la Cruz,,"https://www.google.com/maps/search/?api=1&query=28.4168135,-16.5520019",media,pendiente_investigar,Comprobar si hay web oficial o dependencia de directorios/OTA.,Mirar contacto directo y confianza en Google.,email/telefono,Investigar antes de contactar,Nombre genérico: validar identidad antes.
P018,Puerto Azul,guest house,La Orotava/Norte Tenerife,Puerto de la Cruz,,"https://www.google.com/maps/search/?api=1&query=28.4163229,-16.5528997",media,pendiente_investigar,Revisar si el sitio oficial —si existe— facilita reserva directa.,Mirar Google/fotos/reseñas y claridad de contacto.,email/telefono,Investigar web/canal oficial,Segunda tanda.
P019,Pensión Casa Alta,guest house,La Orotava/Norte Tenerife,Norte Tenerife,,"https://www.google.com/maps/search/?api=1&query=28.4142234,-16.5428899",media,pendiente_investigar,Comprobar si la presencia online transmite suficiente confianza.,Mirar si la reserva/contacto directo se ve rápido desde móvil.,email/telefono,Investigar web oficial antes de contactar,Segunda tanda.
P020,Casa de la piscina,guest house,La Orotava/Norte Tenerife,Candelaria / sureste aprox.,,"https://www.google.com/maps/search/?api=1&query=28.2603484,-16.3924914",media,pendiente_investigar,Validar identidad y si es alojamiento turístico activo.,Mirar si Google muestra canales claros de contacto/reserva.,email/telefono,Validar antes de contactar,Nombre genérico; no contactar sin verificación previa.
